,tweet_id,tweet_created,tweet_data
0,1570603327921995776,2022-09-16 02:39:48+00:00,WR 111 CM 11 Spin 11
1,1570588659128090627,2022-09-16 01:41:31+00:00,"WR 131
CM 17
Spin 12
üê¢"
2,1570580024146956288,2022-09-16 01:07:12+00:00,WR 167 CM 27 Spin 19
3,1570571530509352960,2022-09-16 00:33:27+00:00,WR 179 CM 36 Spin 10
4,1570563834057990144,2022-09-16 00:02:52+00:00,"WR 146 üåÜ
CM 34 üåù
Spin 12üåÉ"
5,1570558657552863232,2022-09-15 23:42:18+00:00,"WR 133
CM 29
Spin 16"
6,1570549835639721984,2022-09-15 23:07:14+00:00,"WR 138
CM 36
Spin 36"
7,1570542403525947392,2022-09-15 22:37:42+00:00,"WR 158 ü¶ç
CM 32 ü¶ò
Spin 10 üêá"
8,1570534447413624833,2022-09-15 22:06:06+00:00,"WR 151 ü¶æ
CM 40ü¶∏üèΩ‚Äç‚ôÄÔ∏è
Spin 15 üí´"
9,1570528657705406464,2022-09-15 21:43:05+00:00,"WR 170 ü¶æ
CM 41 ü¶ø
Spin 23 ü™ê"
10,1570518616449351681,2022-09-15 21:03:11+00:00,"WR 151 üò±
CM 36 üßê 
Spin 15 üòù"
11,1570513707058315264,2022-09-15 20:43:41+00:00,"WR 162 ü§º
CM 53 üèÉ
Spin 12 ü§∏"
12,1570504894213419009,2022-09-15 20:08:40+00:00,"WR 152üèãÔ∏è
CM 23 üôà
Spin 24 üö¥"
13,1570499653988413443,2022-09-15 19:47:50+00:00,"WR 158
CM 35
Spin 13"
14,1570488044288966657,2022-09-15 19:01:42+00:00,"WR 127üèãÔ∏è
CM 26üèÉ
Spin 18üö¥"
15,1570480708522770432,2022-09-15 18:32:33+00:00,"WR: 119
CM: 24
SPIN: 13"
16,1570475463973158914,2022-09-15 18:11:43+00:00,"WR: 116
CM: 24
Spin: 14"
17,1570465047901773825,2022-09-15 17:30:19+00:00,"WR: 134
CM: 20
SPIN: 8"
18,1570458545123885056,2022-09-15 17:04:29+00:00,"WR: 141
CM: 21
Spin: 14"
19,1570451358066540544,2022-09-15 16:35:55+00:00,"WR: 117
CM: 35
SPIN: 12"
20,1570443000559304717,2022-09-15 16:02:43+00:00,"WR 127
CM 31
Spin 11"
21,1570435914907942913,2022-09-15 15:34:34+00:00,"WR 110üèãÔ∏è
CM 22ü§∏
Spin 15üö¥"
22,1570427803677474819,2022-09-15 15:02:20+00:00,"WR 107
CM 27 
Spin 12"
23,1570420559393198085,2022-09-15 14:33:33+00:00,"WR 94
CM 27
Spin 12"
24,1570413338139496449,2022-09-15 14:04:51+00:00,"WR 105
CM 19
Spin 14"
25,1570405542417338368,2022-09-15 13:33:52+00:00,"WR 97
CM 22
Spin 15"
26,1570398338973061120,2022-09-15 13:05:15+00:00,"WR 77
CM 24
Spin 16"
27,1570390601992130561,2022-09-15 12:34:30+00:00,"WR 80
CM 26 
Spin 11"
28,1570383891432701954,2022-09-15 12:07:50+00:00,"WR 78
CM 16
SPIN 6"
29,1570375968195215361,2022-09-15 11:36:21+00:00,"WR 82
CM 20
SPIN 9"
30,1570369347218190336,2022-09-15 11:10:03+00:00,"WR 73
CM 16
Spin 4"
31,1570246686793932801,2022-09-15 03:02:38+00:00,"WR:58üò¥
CM:18üåù
SPIN:2üõå"
32,1570239752254935040,2022-09-15 02:35:05+00:00,"WR:88üôà
CM:25üôâ
SPIN:16üôä"
33,1570231658808332288,2022-09-15 02:02:55+00:00,"WR:138üí™
CM:20üêì
SPIN:17ü§∏"
34,1570223688808644608,2022-09-15 01:31:15+00:00,"WR:168 üèãÔ∏è
CM:33 üö¥
SPIN:9 üí´"
35,1570217079730479104,2022-09-15 01:04:59+00:00,"WR:148üí¶
CM:33üèÉ
SPIN:9 üö¥"
36,1570209889439420416,2022-09-15 00:36:25+00:00,"WR 119
CM 27
SPIN 27"
37,1570202365877452800,2022-09-15 00:06:31+00:00,"WR 140 üí• 
CM 23 üòé
SPIN 14 üö¥"
38,1570195415676452865,2022-09-14 23:38:54+00:00,"WR - 175 üèãÔ∏è‚Äç‚ôÇÔ∏è
CM - 21 ü¶ø
Spin - 15 üåÄ"
39,1570187830823129088,2022-09-14 23:08:46+00:00,"WR 141 üèãÔ∏è
CM 41 ü§©
SPIN 41 üåü"
40,1570179432865832971,2022-09-14 22:35:23+00:00,"WR - 173 üò§
CM - 38 üèÉ
Spin - 9 ü§∏"
41,1570171664201138176,2022-09-14 22:04:31+00:00,"WR 147üí™
CM 37 üèÉ
SPIN 15 üö¥"
42,1570164321669509120,2022-09-14 21:35:21+00:00,"WR - 201 üòå
CM- 38ü§ó
Spin - 12 ü§©"
43,1570156509899952128,2022-09-14 21:04:18+00:00,"WR - 232 üòù
CM - 31
Spin - 16"
44,1570147637331910660,2022-09-14 20:29:03+00:00,"WR 156
CM 49
SPIN 38"
45,1570142434255847424,2022-09-14 20:08:22+00:00,"WR - 137
CM - 35
SPIN - 55"
46,1570134078049099776,2022-09-14 19:35:10+00:00,"WR 139
CM 25
SPIN 36"
47,1570126558030925829,2022-09-14 19:05:17+00:00,"WR - 151
CM - 44
SPIN -28"
48,1570118995466129408,2022-09-14 18:35:14+00:00,"WR 169
CM 30
SPIN 25"
49,1570111107225772036,2022-09-14 18:03:53+00:00,"WR 136
CM 31
SPIN 15"
50,1570104144781840386,2022-09-14 17:36:13+00:00,"WR - 128
CM - 22
SPIN  - 16"
51,1570095490729123840,2022-09-14 17:01:50+00:00,"WR - 118
CM - 25
SPIN - 23"
52,1570088426011230208,2022-09-14 16:33:46+00:00,"WR 124
CM 33
SPIN 24"
53,1570084120579149827,2022-09-14 16:16:39+00:00,WR 138 CM 27 Spin 14
54,1570075246350196739,2022-09-14 15:41:23+00:00,"WR 136
CM 27
Spin 21"
55,1570067046280630273,2022-09-14 15:08:48+00:00,WR 134 CM 31 SPIN 25
56,1570060435214434304,2022-09-14 14:42:32+00:00,WR 120  CM 20  Spin 21
57,1570051311596609538,2022-09-14 14:06:17+00:00,"WR 116
CM 25
Spin 20"
58,1570045029502316549,2022-09-14 13:41:19+00:00,WR  83  CM 34  Spin 14
59,1570036952501555206,2022-09-14 13:09:14+00:00,WR  86  CM 19  Spin 7
60,1570028574689607680,2022-09-14 12:35:56+00:00,"WR 117
CM 23
Spin 13"
61,1570020014048043009,2022-09-14 12:01:55+00:00,"WR 104
CM 25
Spin 15"
62,1570012864882118658,2022-09-14 11:33:31+00:00,"WR 118 
CM 33 
Spin 17"
63,1570005267890294785,2022-09-14 11:03:19+00:00,"WR 73
CM 12
Spin 13"
64,1569877318847414273,2022-09-14 02:34:54+00:00,WR 146 CM 13 Spin 13
65,1569870271095472128,2022-09-14 02:06:54+00:00,"WR 173
CM 34 
Spin 9"
66,1569862966979301376,2022-09-14 01:37:52+00:00,WR 136 CM 31 Spin 17
67,1569855431891099650,2022-09-14 01:07:56+00:00,WR 156 CM 40 Spin 10
68,1569848914873929728,2022-09-14 00:42:02+00:00,WR 171 CM 40 Spin 19
69,1569840044659056640,2022-09-14 00:06:47+00:00,"WR 162
CM 39
SPIN 14"
70,1569833712291815425,2022-09-13 23:41:37+00:00,"WR 184
CM 41
SPIN 19"
71,1569825346522091520,2022-09-13 23:08:23+00:00,"WR - 186
CM - 48
SPIN - 10"
72,1569817163938029573,2022-09-13 22:35:52+00:00,"WR - 205 
CM - 51
SPIN - 11"
73,1569811208177336320,2022-09-13 22:12:12+00:00,"WR - 198
CM - 53
SPIN - 6"
74,1569803353219031041,2022-09-13 21:40:59+00:00,"WR - 197
CM - 53
SPIN - 27"
75,1569794895392509957,2022-09-13 21:07:23+00:00,"WR - 184
CM - 39
SPIN - 7"
76,1569786402199453697,2022-09-13 20:33:38+00:00,"WR - 184
CM - 45
SPIN - 29"
77,1569779693506764801,2022-09-13 20:06:58+00:00,"WR 200
CM 38
Spin 22"
78,1569776897814323211,2022-09-13 19:55:52+00:00,"WR 168
CM 40
Spin 23"
79,1569765934587322373,2022-09-13 19:12:18+00:00,"WR 153üèãÔ∏è
CM 29üèÉ
Spin 21üö¥"
80,1569758383800033281,2022-09-13 18:42:18+00:00,"WR: 131
CM: 40
SPIN: 34"
81,1569748512220258313,2022-09-13 18:03:04+00:00,"WR 157
CM 22
SPIN 14"
82,1569742232789344257,2022-09-13 17:38:07+00:00,"WR: 139
CM: 34
SPIN: 16"
83,1569732916720041984,2022-09-13 17:01:06+00:00,"WR 138
CM 33
SPIN 19"
84,1569726426772905988,2022-09-13 16:35:18+00:00,"WR: 133
CM: 48
SPIN: 16"
85,1569718241060179970,2022-09-13 16:02:47+00:00,"WR 153
CM 30
SPIN 23"
86,1569703465039036416,2022-09-13 15:04:04+00:00,"WR 152
CM 39
SPIN 19"
87,1569696527727329289,2022-09-13 14:36:30+00:00,"WR 108
CM 40 
SPIN 13"
88,1569688358309224451,2022-09-13 14:04:02+00:00,"WR 101
CM 29
SPIN 14"
89,1569681013290180616,2022-09-13 13:34:51+00:00,"WR 100
SPIN 20
CM 12"
90,1569674138079444998,2022-09-13 13:07:32+00:00,"WR 83
CM 17
SPIN 13"
91,1569665641950461952,2022-09-13 12:33:46+00:00,"WR 89
CM 27
SPIN 11"
92,1569657278453661700,2022-09-13 12:00:32+00:00,"WR:129
CM:37
SPIN:13"
93,1569649886697603072,2022-09-13 11:31:10+00:00,"WR:126
CM:37
SPIN:11"
94,1569642530047655938,2022-09-13 11:01:56+00:00,"WR:90
CM:21
SPIN:5"
95,1569521726563794946,2022-09-13 03:01:54+00:00,"WR 53
CM 2
SPIN 5"
96,1569516633785352193,2022-09-13 02:41:40+00:00,"WR 89
CM 8
SPIN 9"
97,1569507348829413378,2022-09-13 02:04:46+00:00,"WR 135 
CM 22 
SPIN 24"
98,1569500128934825985,2022-09-13 01:36:05+00:00,"WR 181
CM 29
SPIN 16"
99,1569494896368652288,2022-09-13 01:15:17+00:00,"WR 195
CM 31
SPIN 34"
100,1569485955089694720,2022-09-13 00:39:45+00:00,"WR 204 
CM 37
SPIN 9"
101,1569476984257773568,2022-09-13 00:04:07+00:00,WR 159   CM 39   Spin 6
102,1569469249239793664,2022-09-12 23:33:23+00:00,WR 147 CM 47 Spin 24
103,1569462701331456000,2022-09-12 23:07:21+00:00,WR 170   CM 44   Spin 15
104,1569455535052976128,2022-09-12 22:38:53+00:00,WR 178 CM 52 Spin 20
105,1569446352815542272,2022-09-12 22:02:24+00:00,WR 221   CM 49   Spin 18
106,1569440428507922432,2022-09-12 21:38:51+00:00,"WR 219
CM 62
Spin 44"
107,1569432337435496448,2022-09-12 21:06:42+00:00,WR 192 CM 47 Spin 15
108,1569426887021035520,2022-09-12 20:45:03+00:00,WR 135 CM 41 Spin 28
109,1569416995241660417,2022-09-12 20:05:44+00:00,"WR 162
CM 40
SPIN 25"
110,1569408851161522178,2022-09-12 19:33:22+00:00,"WR 161
CM 43
SPIN 26"
111,1569401970137391106,2022-09-12 19:06:02+00:00,"WR 154
CM 46
SPIN 9"
112,1569394521493889026,2022-09-12 18:36:26+00:00,"WR 151
CM 21
SPIN 22"
113,1569385988731949059,2022-09-12 18:02:32+00:00,"WR 140
CM 25
SPIN 19"
114,1569379139064397826,2022-09-12 17:35:19+00:00,"WR 142
CM 30 
SPIN 15"
115,1569370659435814914,2022-09-12 17:01:37+00:00,"WR 192
CM 31
SPIN 11"
116,1569363750083338240,2022-09-12 16:34:10+00:00,"WR 101 
CM 26
SPIN 24"
117,1569355805287120901,2022-09-12 16:02:35+00:00,"WR - 148
CM - 38
SPIN - 21"
118,1569349211950292993,2022-09-12 15:36:23+00:00,"WR 161
CM 41
Spin 22"
119,1569341139123060739,2022-09-12 15:04:19+00:00,"WR 152
CM 30
Spin 42"
120,1569333842103648260,2022-09-12 14:35:19+00:00,"WR 143
CM 42
Spin 37"
121,1569325862528376832,2022-09-12 14:03:36+00:00,"WR 153
CM 44
Spin 30"
122,1569320434956378112,2022-09-12 13:42:02+00:00,"WR 124
CM 39
SPIN 27"
123,1569311086909825031,2022-09-12 13:04:54+00:00,"WR 105
CM 32
Spin 18"
124,1569306473586376705,2022-09-12 12:46:34+00:00,"WR 135
CM 31
Spin 20"
125,1569289307768209411,2022-09-12 11:38:21+00:00,"WR 112
CM 28
Spin 10"
126,1569280062372839428,2022-09-12 11:01:37+00:00,"WR 86
CM 25
Spin 5"
127,1569159526720446464,2022-09-12 03:02:39+00:00,"WR: 27
CM: 1
SPIN: 2"
128,1569150814660304896,2022-09-12 02:28:02+00:00,"WR:64
CM:8
SPIN:2"
129,1569144312658526209,2022-09-12 02:02:12+00:00,"WR:81
CM:17
SPIN:2"
130,1569136524364587012,2022-09-12 01:31:15+00:00,"WR:104
CM:13
SPIN:4"
131,1569129201931849731,2022-09-12 01:02:09+00:00,"WR 94
CM 6
SPIN 7"
132,1569121099706687493,2022-09-12 00:29:57+00:00,"WR 71
CM 9
SPIN 7"
133,1569115349198536708,2022-09-12 00:07:06+00:00,WR 87 CM 12 SPIN 13
134,1569107464452194307,2022-09-11 23:35:46+00:00,"WR 119
CM 10
Spin 10"
135,1569099709586759685,2022-09-11 23:04:57+00:00,"WR 101
CM 22
Spin 14"
136,1569092518985302021,2022-09-11 22:36:23+00:00,"WR 105
CM 22
Spin 9"
137,1569077310128623619,2022-09-11 21:35:57+00:00,"WR 119
CM 31
Spin 19"
138,1569070159414927362,2022-09-11 21:07:32+00:00,"WR 146
CM 34
Spin 14"
139,1569062051305193475,2022-09-11 20:35:19+00:00,"WR 128
CM 31
Spin 20"
140,1569054322587013121,2022-09-11 20:04:36+00:00,"WR - 144
CM - 38
Spin - 11"
141,1569045870007427073,2022-09-11 19:31:01+00:00,"WR 107
CM 31
SPIN 12"
142,1569037179673886720,2022-09-11 18:56:29+00:00,"WR 103
CM 21
SPIN 8"
143,1569030038057533442,2022-09-11 18:28:06+00:00,"WR 105
CM 17
SPIN 16"
144,1569023299207708672,2022-09-11 18:01:20+00:00,"WR 105
CM 30
SPIN 18"
145,1569015313752113154,2022-09-11 17:29:36+00:00,"WR 103
CM 30
SPIN 20"
146,1569007904774045699,2022-09-11 17:00:09+00:00,"WR 91
CM 33
SPIN 2"
147,1569000315415830529,2022-09-11 16:30:00+00:00,"WR 101 
CM 25
SPIN 17"
148,1568994281800474628,2022-09-11 16:06:01+00:00,"WR 102
CM 27
SPIN 16"
149,1568986654148288513,2022-09-11 15:35:43+00:00,"WR 88 
CM 36
 SPIN 9"
150,1568971954278858761,2022-09-11 14:37:18+00:00,"WR 67
CM 13
SPIN 17"
151,1568963611480956936,2022-09-11 14:04:09+00:00,"WR 65
CM 13 
SPIN 18"
152,1568955937842413568,2022-09-11 13:33:40+00:00,"WR 42
CM 15
SPIN 5"
153,1568743837300039685,2022-09-10 23:30:51+00:00,"WR 70 
CM 13
SPIN 7"
154,1568737341573046276,2022-09-10 23:05:02+00:00,"WR 89
CM 5
SPIN 5"
155,1568729486564429824,2022-09-10 22:33:49+00:00,"WR 76
CM 7
SPIN 4"
156,1568723152439746561,2022-09-10 22:08:39+00:00,"WR 85
CM 9
SPIN 5"
157,1568716544443826176,2022-09-10 21:42:24+00:00,"WR 111
CM 12
SPIN 8"
158,1568706642136674304,2022-09-10 21:03:03+00:00,"WR 125
CM 15
SPIN 9"
159,1568699351249158151,2022-09-10 20:34:05+00:00,"WR 119
CM 20
SPIN 10"
160,1568692105824059392,2022-09-10 20:05:17+00:00,"WR 114
CM 22
SPIN 2"
161,1568683700455604225,2022-09-10 19:31:53+00:00,"WR 149
CM 37
SPIN 14"
162,1568675259401834504,2022-09-10 18:58:21+00:00,"WR 125
CM 23
SPIN 8"
163,1568668769622364165,2022-09-10 18:32:33+00:00,"WR 116
CM 20
SPIN 18"
164,1568661785884127232,2022-09-10 18:04:48+00:00,"WR 141
CM 25
SPIN 2"
165,1568653948055355392,2022-09-10 17:33:40+00:00,"WR 120
CM 29
SPIN 21"
166,1568647415313633281,2022-09-10 17:07:42+00:00,"WR 125
CM 34
SPIN 9"
167,1568638890436861958,2022-09-10 16:33:50+00:00,"WR 89
CM 29
SPIN 9"
168,1568631578993065985,2022-09-10 16:04:46+00:00,"WR 78
CM 29
Spin 11"
169,1568624916177747970,2022-09-10 15:38:18+00:00,"WR 94
CM 19
Spin 15"
170,1568610562975715336,2022-09-10 14:41:16+00:00,"WR 98
CM 27
SPIN 15"
171,1568602194538287104,2022-09-10 14:08:01+00:00,"WR 98
CM 25
Spin 31"
172,1568594920369266688,2022-09-10 13:39:06+00:00,"WR 106
CM 26
SPIN 11"
173,1568381463892234240,2022-09-09 23:30:54+00:00,"WR 93
CM 13
SPIN 6"
174,1568373829600448514,2022-09-09 23:00:34+00:00,"WR - 131
CM - 26
SPIN - 21"
175,1568366609424863233,2022-09-09 22:31:53+00:00,"WR - 134 
CM - 34 
SPIN - 16"
176,1568360883574968320,2022-09-09 22:09:08+00:00,WR - 195    CM - 27   Spin - 7
177,1568343298561159168,2022-09-09 20:59:15+00:00,"WR 245
CM 45
SPIN 24"
178,1568336936036712451,2022-09-09 20:33:58+00:00,"WR 253
CM 55
SPIN 29"
179,1568323475764400131,2022-09-09 19:40:29+00:00,"WR 204
CM 30
Spin 30"
180,1568316293052305409,2022-09-09 19:11:56+00:00,"WR 206
CM 34
Spin 51"
181,1568309756615606272,2022-09-09 18:45:58+00:00,"WR 215
CM 45
Spin 39"
182,1568300481327538181,2022-09-09 18:09:07+00:00,"WR 208
CM 47
Spin 43"
183,1568291965208502272,2022-09-09 17:35:16+00:00,"WR - 172
CM - 59
Spin - 25"
184,1568285277768269824,2022-09-09 17:08:42+00:00,"WR - 171
CM - 46
Spin - 33"
185,1568276688085176322,2022-09-09 16:34:34+00:00,"WR - 175
CM - 28
Spin - 17"
186,1568261169110196225,2022-09-09 15:32:54+00:00,"WR 178
CM 41
SPIN 31"
187,1568254537181577217,2022-09-09 15:06:33+00:00,"WR 139
CM 41
SPIN 20"
188,1568245454789398528,2022-09-09 14:30:27+00:00,"WR 151
CM 25
SPIN 30"
189,1568238492563701761,2022-09-09 14:02:47+00:00,"WR 144
CM 28
SPIN 21"
190,1568231255996604418,2022-09-09 13:34:02+00:00,"WR 77
CM 27
SPIN 18"
191,1568224022973800449,2022-09-09 13:05:17+00:00,"WR 66
CM 16
SPIN 12"
192,1568215925815676929,2022-09-09 12:33:07+00:00,"WR 87 
CM 17
SPIN 14"
193,1568208022421241856,2022-09-09 12:01:43+00:00,"WR - 109
CM - 19
SPIN - 12"
194,1568200791164440576,2022-09-09 11:32:59+00:00,"WR - 96
CM - 23 
SPIN - 8"
195,1568193877638582272,2022-09-09 11:05:30+00:00,"WR 79 
CM 15
Spin 5 üòÜ"
196,1568071831742996480,2022-09-09 03:00:32+00:00,"WR 25
CM 5
SPIN 5"
197,1568064523747172357,2022-09-09 02:31:30+00:00,"WR 59
CM 13
SPIN 4"
198,1568057809362718723,2022-09-09 02:04:49+00:00,"WR 92
CM 14
SPIN 2"
199,1568052889192480774,2022-09-09 01:45:16+00:00,"WR 119
CM 10
SPIN 2"
200,1568043102320922624,2022-09-09 01:06:23+00:00,"WR 101
CM 17
SPIN 8"
201,1568034900657201152,2022-09-09 00:33:47+00:00,WR 121 CM 25 SPIN 12
202,1568027741383000074,2022-09-09 00:05:20+00:00,"WR - 158
CM - 31 
Spin - 15"
203,1568020944689692672,2022-09-08 23:38:20+00:00,"WR - 164
CM - 24
Spin - 11"
204,1568012911741902850,2022-09-08 23:06:25+00:00,"WR - 146
CM - 31
Spin - 21"
205,1568005786143424513,2022-09-08 22:38:06+00:00,"WR - 179
CM - 34
Spin - 15"
206,1567997718064152577,2022-09-08 22:06:02+00:00,"WR - 194
CM - 53
Spin - 12"
207,1567991170688499712,2022-09-08 21:40:01+00:00,"WR - 186
CM - 51
Spin - 24"
208,1567983536724144130,2022-09-08 21:09:41+00:00,"WR - 209
CM - 39
Spin - 25"
209,1567976655074873344,2022-09-08 20:42:20+00:00,"WR - 169
CM - 38
Spin - 32"
210,1567966811185987587,2022-09-08 20:03:13+00:00,"WR - 194
CM - 34
SPIN - 32"
211,1567960577145819137,2022-09-08 19:38:27+00:00,"WR 190
CM 48
Spin 17"
212,1567951393259929601,2022-09-08 19:01:57+00:00,"WR - 186
CM - 50
SPIN - 20"
213,1567944072467193860,2022-09-08 18:32:52+00:00,"WR 167
CM 28
Spin 19"
214,1567935847743328258,2022-09-08 18:00:11+00:00,"WR - 175
CM - 40 
SPIN - 8"
215,1567929623194779651,2022-09-08 17:35:27+00:00,"WR 183
CM 49
Spin 23"
216,1567921399578206209,2022-09-08 17:02:46+00:00,"WR - 172
CM - 28
SPIN - 24"
217,1567918732000763905,2022-09-08 16:52:10+00:00,"WR 198
CM 38
Spin 31"
218,1567905769349062664,2022-09-08 16:00:40+00:00,WR 200 CM 20 SPIN 10
219,1567898536544538626,2022-09-08 15:31:55+00:00,WR  204 CM 35 SPIN 37
220,1567890418200723462,2022-09-08 14:59:40+00:00,WR 179 CM 36 SPIN 34
221,1567883831637643267,2022-09-08 14:33:29+00:00,WR 107 CM 36 SPIN 21
222,1567875925517139968,2022-09-08 14:02:05+00:00,WR 119 CM 24 SPIN 16
223,1567868672017924097,2022-09-08 13:33:15+00:00,WR 95 CM 20 SPIN 5
224,1567861676669603846,2022-09-08 13:05:27+00:00,WR 99 CM 28 SPIN 8
225,1567855218842370057,2022-09-08 12:39:48+00:00,WR 94 CM 19 SPIN 14
226,1567845583766917121,2022-09-08 12:01:30+00:00,"WR - 84
CM - 14
Spin - 12"
227,1567840087613784064,2022-09-08 11:39:40+00:00,"WR - 96
CM - 21
Spin - 13"
228,1567831218963496962,2022-09-08 11:04:26+00:00,"WR - 55
CM 
CM - 100
Spin - 8"
229,1567695084841304065,2022-09-08 02:03:29+00:00,"WR - 59 
CM - 10
SPIN - 5"
230,1567686983769628672,2022-09-08 01:31:17+00:00,"WR - 103
CM - 20
SPIN - 10"
231,1567681114923204610,2022-09-08 01:07:58+00:00,"WR 115
CM 25
SPIN 4"
232,1567674764348506112,2022-09-08 00:42:44+00:00,"WR - 104
CM - 13
SPIN - 12"
233,1567664750842068993,2022-09-08 00:02:57+00:00,"WR - 116 
CM - 22 
SPIN - 8"
234,1567657472734728193,2022-09-07 23:34:01+00:00,"WR - 174
CM - 22
SPIN - 8"
235,1567641327973679104,2022-09-07 22:29:52+00:00,"WR - 151
CM - 29
SPIN - 8"
236,1567635348817170433,2022-09-07 22:06:07+00:00,"WR - 167
CM - 41
SPIN - 12"
237,1567626939191394304,2022-09-07 21:32:42+00:00,"WR - 185
CM - 34
SPIN - 14"
238,1567620057085231106,2022-09-07 21:05:21+00:00,"WR - 190
CM - 45
SPIN - 30"
239,1567613205173739522,2022-09-07 20:38:07+00:00,"WR - 174
CM - 33
SPIN - 16"
240,1567604983297724419,2022-09-07 20:05:27+00:00,"WR- 156
CM- 32
SPIN- 20"
241,1567596954397335554,2022-09-07 19:33:33+00:00,"WR- 160
CM-16
SPIN-19"
242,1567589316171382789,2022-09-07 19:03:12+00:00,"WR- 144
CM- 30 
SPIN-20"
243,1567582654198960136,2022-09-07 18:36:43+00:00,"WR- 150
CM- 26
SPIN- 20"
244,1567575463295336448,2022-09-07 18:08:09+00:00,"WR- 143
CM- 33
SPIN- 23"
245,1567567995148312585,2022-09-07 17:38:28+00:00,"WR- 142
CM - 33
SPIN - 26"
246,1567559225856987138,2022-09-07 17:03:37+00:00,"WR- 103
CM- 30
SPIN-23"
247,1567551936731152384,2022-09-07 16:34:40+00:00,"WR-104 
CM-26 
SPIN-24"
248,1567544311201275905,2022-09-07 16:04:22+00:00,"WR - 122
CM - 41
Spin - 22"
249,1567537676064067584,2022-09-07 15:38:00+00:00,"WR - 109
CM - 23
Spin - 22"
250,1567529388786302976,2022-09-07 15:05:04+00:00,"WR - 111
CM - 32
Spin - 24"
251,1567521748064559108,2022-09-07 14:34:42+00:00,"WR - 97
CM - 32
Spin - 27"
252,1567514111910580226,2022-09-07 14:04:21+00:00,"WR - 97
CM - 30
Spin - 16"
253,1567507526312247297,2022-09-07 13:38:11+00:00,"WR - 91
CM - 22
Spin - 18"
254,1567501299419172865,2022-09-07 13:13:27+00:00,"WR - 82
CM - 20
Spin - 18"
255,1567484176533782528,2022-09-07 12:05:24+00:00,WR 78  CM 13  SPIN 8
256,1567475627292336135,2022-09-07 11:31:26+00:00,WR 62  CM 11  SPIN  4
257,1567470713652617216,2022-09-07 11:11:54+00:00,WR 36  CM 4  SPIN 2
258,1567347505053958145,2022-09-07 03:02:19+00:00,WR:22 CM:7 SPIN:0
259,1567331943997489162,2022-09-07 02:00:29+00:00,WR:71  CM:6 SPIN:8
260,1567317356254318592,2022-09-07 01:02:31+00:00,WR:82 CM:9 SPIN:10
261,1567302831106916352,2022-09-07 00:04:48+00:00,"WR - 95
CM - 24
Spin - 5"
262,1567295132147253248,2022-09-06 23:34:13+00:00,"WR - 140
CM - 18
Spin - 12"
263,1567287079842856961,2022-09-06 23:02:13+00:00,"WR - 155
CM - 33
Spin - 5"
264,1567279807418847236,2022-09-06 22:33:19+00:00,"WR - 138
CM - 31
Spin - 10"
265,1567272077291409408,2022-09-06 22:02:36+00:00,"WR - 167
CM - 31
Spin - 17"
266,1567266461646741506,2022-09-06 21:40:17+00:00,"WR - 172
CM - 35
Spin - 14"
267,1567259069173403648,2022-09-06 21:10:55+00:00,"WR - 194
CM - 36
Spin - 8"
268,1567250052531322880,2022-09-06 20:35:05+00:00,"WR - 238
CM - 46
Spin - 13"
269,1567241658722287619,2022-09-06 20:01:44+00:00,"WR - 224
CM - 39
SPIN - 28"
270,1567233933737185290,2022-09-06 19:31:02+00:00,"WR - 210
CM - 33
SPIN - 11"
271,1567226552676401153,2022-09-06 19:01:42+00:00,"WR - 206üí™
CM - 38üí•
SPIN - 18üíØ"
272,1567220778893975556,2022-09-06 18:38:45+00:00,"WR- 202 
CM - 35
SPIN - 12"
273,1567211970205450242,2022-09-06 18:03:45+00:00,"WR - 186
CM - 32
SPIN - 10"
274,1567203291964100611,2022-09-06 17:29:16+00:00,"WR - 174
CM - 32
SPIN - 11"
275,1567195910190366720,2022-09-06 16:59:56+00:00,"WR - 141
CM - 39
SPIN - 9"
276,1567189135969902600,2022-09-06 16:33:01+00:00,"WR - 134
CM - 26
SPIN - 15"
277,1567183494803079172,2022-09-06 16:10:36+00:00,"WR - 118
CM - 16 
Spin - 13"
278,1567175214227660802,2022-09-06 15:37:42+00:00,"WR - 106
CM - 13
Spin - 9"
279,1567171315248898049,2022-09-06 15:22:12+00:00,"WR - 95
CM - 19
Spin - 13"
280,1567161574720212992,2022-09-06 14:43:30+00:00,"WR - 79
CM - 19
Spin - 16"
281,1567152325231271937,2022-09-06 14:06:45+00:00,"WR - 78 
CM - 22
Spin - 3"
282,1567146714666090500,2022-09-06 13:44:27+00:00,"WR - 77
CM - 17
Spin - 11"
283,1567145501010657283,2022-09-06 13:39:38+00:00,#NewProfilePic https://t.co/bnCBlhWwu3
284,1567138103881613312,2022-09-06 13:10:14+00:00,"WR - 67
CM - 18
Spin - 5"
285,1567120933218930688,2022-09-06 12:02:00+00:00,WR 46 CM 9 SPIN 6
286,1567114420798513153,2022-09-06 11:36:08+00:00,WR 49 CM 5 SPIN 4
287,1567107200685953026,2022-09-06 11:07:26+00:00,wr: 20 cm: 9 spin: 0
288,1566985784204435456,2022-09-06 03:04:58+00:00,WR 6 CM 1 SPIN 0
289,1566977878549471232,2022-09-06 02:33:33+00:00,WR 20 CM 1 SPIN 0
290,1566969467548180480,2022-09-06 02:00:08+00:00,WR 17 CM 5 SPIN 0
291,1566962578315743234,2022-09-06 01:32:46+00:00,WR 20 CM 4 SPIN 2
292,1566956271164596225,2022-09-06 01:07:42+00:00,WR 38 CM 2 SPIN 0
293,1566948677331058697,2022-09-06 00:37:31+00:00,WR 43 CM 7 SPIN 0
294,1566939016603238401,2022-09-05 23:59:08+00:00,WR 39 CM 5 SPIN 3
295,1566932474629849090,2022-09-05 23:33:08+00:00,WR 65 CM 20 SPIN 3
296,1566925900209422336,2022-09-05 23:07:01+00:00,WR 87 CM 11 SPIN 2
297,1566917389261934592,2022-09-05 22:33:12+00:00,WR 103 CM 10 SPIN 6 üòâ
298,1566909228471697409,2022-09-05 22:00:46+00:00,WR 96 CM 17 SPIN 8
299,1566902746883756032,2022-09-05 21:35:01+00:00,WR 118 CM 28 SPIN 8
300,1566894909981921282,2022-09-05 21:03:52+00:00,WR 156  CM 31  SPIN 24
301,1566889143006887936,2022-09-05 20:40:57+00:00,WR 173  CM 37  SPIN 23
302,1566885378128330753,2022-09-05 20:26:00+00:00,WR 198  CM 23  SPIN 34
303,1566884445965131779,2022-09-05 20:22:17+00:00,WELCOME BACK MUSTANGS! Happy Labour Day! ü´∂üèΩüèãüèº
304,1565455407958704129,2022-09-01 21:43:48+00:00,"WR-
CM-
Spin_"
305,1239289762198011909,2020-03-15 20:37:58+00:00,WR 47 CM 12
306,1239248888839704577,2020-03-15 17:55:33+00:00,WR 52 CM 22 üéæ
307,1239228487812218881,2020-03-15 16:34:29+00:00,WR 48 CM 24 üòÄ
308,1239218697300033538,2020-03-15 15:55:35+00:00,WR 23 CM 13
309,1239210667036618752,2020-03-15 15:23:41+00:00,"WR 19
CM 6 üèÉüèæ‚Äç‚ôÄÔ∏èüòäüëçüèºüå¨üò∑"
310,1239196495355826176,2020-03-15 14:27:22+00:00,WR 29 CM 11
311,1238933806192701441,2020-03-14 21:03:32+00:00,WR 87 CM 40 üëü
312,1238908775915978752,2020-03-14 19:24:04+00:00,WR 75 CM 25
313,1238895694963933185,2020-03-14 18:32:05+00:00,WR 56 CM 21
314,1238888307557314560,2020-03-14 18:02:44+00:00,WR 63 CM 21
315,1238882197773393921,2020-03-14 17:38:27+00:00,WR 61 CM 17
316,1238871556689985536,2020-03-14 16:56:10+00:00,WR 54 CM 19
317,1238866948383014912,2020-03-14 16:37:52+00:00,WR 57 CM 20
318,1238849878543028227,2020-03-14 15:30:02+00:00,WR 58 CM 26
319,1238833982407663616,2020-03-14 14:26:52+00:00,WR 42 CM 16
320,1238564167709319169,2020-03-13 20:34:43+00:00,WR 102 CM 23
321,1238555598498783232,2020-03-13 20:00:40+00:00,WR 103 CM 25
322,1238540031251361793,2020-03-13 18:58:49+00:00,WR 93 CM 19
323,1238526457397366784,2020-03-13 18:04:52+00:00,WR 73 CM 27
324,1238491294705618945,2020-03-13 15:45:09+00:00,WR 50 CM 27
325,1238478673025564673,2020-03-13 14:55:00+00:00,WR 34 CM 24
326,1238463786320891904,2020-03-13 13:55:50+00:00,WR 38 CM 18
327,1238454240366014464,2020-03-13 13:17:54+00:00,WR 35 CM 12
328,1238429130489765890,2020-03-13 11:38:08+00:00,WR 25 CM 5
329,1238421540905066498,2020-03-13 11:07:58+00:00,WR 18 CM 8 ü§∏üèΩ‚Äç‚ôÇÔ∏èüòÅ
330,1238412751988502528,2020-03-13 10:33:03+00:00,WR 18 CM 5
331,1238260596816125953,2020-03-13 00:28:26+00:00,WR 66 &amp; CM 14
332,1238255483800236033,2020-03-13 00:08:07+00:00,WR 76 &amp; CM 21
333,1238237954457419776,2020-03-12 22:58:28+00:00,WR 93 &amp; CM 24
334,1238223159838552064,2020-03-12 21:59:41+00:00,WR 100 &amp; CM 36
335,1238214395412561920,2020-03-12 21:24:51+00:00,WR 87 &amp; CM 43
336,1238191748972756994,2020-03-12 19:54:52+00:00,WR 83 CM 25
337,1238168249579319297,2020-03-12 18:21:29+00:00,WR 101 CM 37
338,1238160324802629632,2020-03-12 17:49:59+00:00,WR 99 CM 33
339,1238150245718151168,2020-03-12 17:09:56+00:00,WR 103 CM 33
340,1238142761741811715,2020-03-12 16:40:12+00:00,WR 102 CM 31
341,1238124610949963780,2020-03-12 15:28:05+00:00,"WR 95, CM 31üí™üèø"
342,1238111098315907073,2020-03-12 14:34:23+00:00,WR 46 CM 35 üòç
343,1238101392256118784,2020-03-12 13:55:49+00:00,WR 41 CM 15
344,1238094451966382081,2020-03-12 13:28:14+00:00,WR 40 CM 18 üç≥
345,1238082169404260353,2020-03-12 12:39:26+00:00,WR 47 CM 20
346,1238071986594680832,2020-03-12 11:58:58+00:00,WR 41 CM 23
347,1238063730677747712,2020-03-12 11:26:10+00:00,WR 40 CM 15
348,1238056802715041794,2020-03-12 10:58:38+00:00,WR 33 CM 18
349,1238049644283932672,2020-03-12 10:30:11+00:00,WR 23 CM 10
350,1237906374593589252,2020-03-12 01:00:53+00:00,"WR 104, CM 40ü§∏üèΩ‚Äç‚ôÇÔ∏è"
351,1237897814195093504,2020-03-12 00:26:52+00:00,"WR 112, CM 36"
352,1237882082593931266,2020-03-11 23:24:21+00:00,Wr 124 cm 50
353,1237877600682496001,2020-03-11 23:06:33+00:00,Wr 125 cm 45
354,1237868214077423617,2020-03-11 22:29:15+00:00,Wr 134 cm 43
355,1237859262279254017,2020-03-11 21:53:41+00:00,Wr 119 cm 40
356,1237825611789369347,2020-03-11 19:39:58+00:00,WR 117 CM 35
357,1237816011295985668,2020-03-11 19:01:49+00:00,WR 112 CM 32
358,1237807811058434048,2020-03-11 18:29:14+00:00,WR 103 CM 22
359,1237769686001102850,2020-03-11 15:57:44+00:00,WR 68 CM 24
360,1237762450008801282,2020-03-11 15:28:59+00:00,WR 68 CM 18
361,1237746904970285057,2020-03-11 14:27:13+00:00,WR 81 CM 29
362,1237737650133622785,2020-03-11 13:50:26+00:00,WR 67 CM 35
363,1237720115346620417,2020-03-11 12:40:45+00:00,WR 59 CM 36
364,1237708302332592136,2020-03-11 11:53:49+00:00,WR 50 CM 18
365,1237700402327490561,2020-03-11 11:22:25+00:00,WR 52 CM 16
366,1237686473610219520,2020-03-11 10:27:05+00:00,WR 33 CM 18
367,1237544817023791104,2020-03-11 01:04:11+00:00,WR 88 CM 29
368,1237524001183784963,2020-03-10 23:41:28+00:00,WR 127 CM 43
369,1237515002413821952,2020-03-10 23:05:43+00:00,WR 141 CM 42
370,1237491618237816832,2020-03-10 21:32:47+00:00,WR 147 CM 55 üòÅ
371,1237485284754849794,2020-03-10 21:07:37+00:00,WR 119 CM 60
372,1237478656722767872,2020-03-10 20:41:17+00:00,WR 120 CM 50
373,1237470602023362560,2020-03-10 20:09:17+00:00,WR 116 CM 46
374,1237462001405825024,2020-03-10 19:35:06+00:00,WR 112 CM 41 üòçüòÇüòÅ
375,1237451794126704641,2020-03-10 18:54:33+00:00,WR 108 CM 41 üç≥ü•ìüòéüêé
376,1237444283197775874,2020-03-10 18:24:42+00:00,WR 103 CM 37 ü§∫üèÉüèø‚Äç‚ôÇÔ∏èüç≥üòç
377,1237437324541247490,2020-03-10 17:57:03+00:00,WR 105 CM 34 üòäüßÄüå™üå¨
378,1237429205735964674,2020-03-10 17:24:47+00:00,WR 98 CM 42
379,1237421632601415683,2020-03-10 16:54:42+00:00,WR 97 CM 33 üëüüíéüòóü•ë
380,1237414681930862594,2020-03-10 16:27:04+00:00,WR 91  CM 24 üç≥ü§∏üèΩ‚Äç‚ôÇÔ∏èüòäüåÑ
381,1237407987557437440,2020-03-10 16:00:28+00:00,WR 91 CM 39 üçûü•ë
382,1237399459522371584,2020-03-10 15:26:35+00:00,WR 85 CM 36
383,1237393545767477251,2020-03-10 15:03:05+00:00,WR 92 CM 47
384,1237383990232965121,2020-03-10 14:25:07+00:00,WR 60 CM 38 üêæ
385,1237370174602448896,2020-03-10 13:30:13+00:00,WR 60 CM 30
386,1237360766921121792,2020-03-10 12:52:50+00:00,WR 58 CM 27üåßüèÉüèø‚Äç‚ôÇÔ∏è
387,1237355488993566720,2020-03-10 12:31:52+00:00,WR 53 CM 22
388,1237346743580332034,2020-03-10 11:57:07+00:00,WR 59 CM 24üç≥ü§∏üèΩ‚Äç‚ôÇÔ∏è
389,1237340315159334912,2020-03-10 11:31:34+00:00,WR 64 CM 20üòé
390,1237330910447570945,2020-03-10 10:54:12+00:00,WR 49 CM 18üå´
391,1237325179950333952,2020-03-10 10:31:25+00:00,WR 35 CM 12üåß
392,1237188300827492352,2020-03-10 01:27:31+00:00,WR 130 &amp; CM 46
393,1237181473972682755,2020-03-10 01:00:23+00:00,WR 129 &amp; CM 49
394,1237176124960112642,2020-03-10 00:39:08+00:00,WR 148 &amp; CM 49
395,1237166554506301440,2020-03-10 00:01:06+00:00,WR 135 &amp; CM 44
396,1237147413162463233,2020-03-09 22:45:03+00:00,WR 127 CM 51
397,1237125535588900865,2020-03-09 21:18:07+00:00,WR 119 CM 54
398,1237122507150364673,2020-03-09 21:06:04+00:00,WR 113 CM 49
399,1237100203188064257,2020-03-09 19:37:27+00:00,WR 106 &amp; CM 46
400,1237089775523332096,2020-03-09 18:56:01+00:00,WR 107 &amp; CM 54
401,1237074912470274050,2020-03-09 17:56:57+00:00,WR 111 &amp; CM 49
402,1237053527526117379,2020-03-09 16:31:58+00:00,WR 103 &amp; CM 41
403,1236985700421156864,2020-03-09 12:02:27+00:00,WR 64 CM 23 üêé
404,1236978266654879744,2020-03-09 11:32:55+00:00,WR 71 CM 35 üç≥ü•ìüèÉüèø‚Äç‚ôÇÔ∏èüçû
405,1236971773880610817,2020-03-09 11:07:07+00:00,WR 43 CM 22 ‚òÄÔ∏èüòéüëçüèº
406,1236961192289189889,2020-03-09 10:25:04+00:00,WR 27 CM 14
407,1236766696821731328,2020-03-08 21:32:13+00:00,WR 102 CM 46
408,1236756794095079429,2020-03-08 20:52:52+00:00,WR 103 CM 43
409,1236751926311649280,2020-03-08 20:33:31+00:00,WR 100 CM 33
410,1236742891013275650,2020-03-08 19:57:37+00:00,WR 96 CM 33 üòÅ
411,1236735590625955840,2020-03-08 19:28:36+00:00,WR 89 CM 33 ü•ë
412,1236727651324309507,2020-03-08 18:57:04+00:00,WR 72 CM 25 üòé
413,1236719491079430146,2020-03-08 18:24:38+00:00,WR 57 CM 35 üëçüèº
414,1236713113019461637,2020-03-08 17:59:17+00:00,WR 75 CM 27
415,1236705622005108739,2020-03-08 17:29:31+00:00,WR 73 CM 20
416,1236698011293700097,2020-03-08 16:59:17+00:00,WR 68 CM 32
417,1236689549285302273,2020-03-08 16:25:39+00:00,WR 55 CM 15 üòä‚òÄÔ∏è
418,1236682706148306947,2020-03-08 15:58:28+00:00,WR 57 CM 10 üòä
419,1236676504114921473,2020-03-08 15:33:49+00:00,WR 50 CM 22
420,1236668288870035456,2020-03-08 15:01:10+00:00,WR 48 CM 14
421,1236660232107016192,2020-03-08 14:29:10+00:00,WR 37 CM 16
422,1236653823583813632,2020-03-08 14:03:42+00:00,WR 32 CM 13
423,1236645077239377920,2020-03-08 13:28:56+00:00,Wr 19 cm 11
424,1236397363863961600,2020-03-07 21:04:37+00:00,WR 112 CM 38
425,1236390223237599233,2020-03-07 20:36:14+00:00,WR 109 CM 35
426,1236380494834606082,2020-03-07 19:57:35+00:00,Wr 112 cm 30
427,1236374638080544768,2020-03-07 19:34:19+00:00,WR 116 CM 44üòé
428,1236367406127292416,2020-03-07 19:05:34+00:00,Wr 117 cm 42
429,1236356615324000258,2020-03-07 18:22:42+00:00,Wr 112 cm 41
430,1236350487856906240,2020-03-07 17:58:21+00:00,Wr 108 cm 40
431,1236336711547961347,2020-03-07 17:03:36+00:00,Wr 85 wr 47
432,1236328036439592963,2020-03-07 16:29:08+00:00,Wr 81 cm 47
433,1236320412776177665,2020-03-07 15:58:50+00:00,Wr 90 cm 40
434,1236312474221260801,2020-03-07 15:27:18+00:00,WR 75 CM 43
435,1236306667073146882,2020-03-07 15:04:13+00:00,WR 79 CM 32 ü§†
436,1236297997253840896,2020-03-07 14:29:46+00:00,WR 48 CM 47 üèãÔ∏è‚Äç‚ôÄÔ∏è
437,1236073774035931136,2020-03-06 23:38:47+00:00,WR 97 CM 28
438,1236049991011110913,2020-03-06 22:04:17+00:00,WR 123 CM 29 ü§∫
439,1236043130182524929,2020-03-06 21:37:01+00:00,WR 109 CM 39 ü•ë
440,1236020079541792769,2020-03-06 20:05:25+00:00,WR 88 CM 36
441,1236017849614897157,2020-03-06 19:56:34+00:00,WR 78 CM 33 ü•ëüòéüòÅüèÄüëü
442,1236010931173421062,2020-03-06 19:29:04+00:00,WR 65 CM 24 üòçüòóü•ëüçÜüßÄüí™üèº
443,1236003994608316416,2020-03-06 19:01:30+00:00,WR 62 CM 26 üèÄüçâüíé
444,1235995102943772673,2020-03-06 18:26:10+00:00,WR 100 CM 23 üç≥üëüüéÑüéÉ
445,1235988773885882369,2020-03-06 18:01:01+00:00,WR 91 CM 48 üçµüç≥‚òÄÔ∏èüíé
446,1235975951240048640,2020-03-06 17:10:04+00:00,WR 86 CM 26 ü§∏üèΩ‚Äç‚ôÇÔ∏è
447,1235959344149168135,2020-03-06 16:04:05+00:00,WR 86 CM   26 ü§∏üèΩ‚Äç‚ôÇÔ∏èüëü
448,1235946369128566784,2020-03-06 15:12:31+00:00,WR 85 CM 31
449,1235927820683051014,2020-03-06 13:58:49+00:00,WR 49 CM 19
450,1235918950761926656,2020-03-06 13:23:34+00:00,WR 30 CM 18 üëü
451,1235911460196421635,2020-03-06 12:53:48+00:00,WR 37 CM  18
452,1235905240400003078,2020-03-06 12:29:05+00:00,WR 39 CM 15
453,1235897841089949696,2020-03-06 11:59:41+00:00,WR 35 CM 11
454,1235889949536378880,2020-03-06 11:28:20+00:00,WR 21 CM 14 üôÇ#TGIF
455,1235737957774045185,2020-03-06 01:24:22+00:00,Wr 91 cm 34
456,1235730658506362882,2020-03-06 00:55:22+00:00,Wr 85 cm 28
457,1235716041709367296,2020-03-05 23:57:17+00:00,WR 119 CM 42
458,1235696502468759553,2020-03-05 22:39:38+00:00,WR 108 &amp; CM 39 üòå
459,1235687085039742976,2020-03-05 22:02:13+00:00,WR 114 &amp; CM 54
460,1235612815450349574,2020-03-05 17:07:06+00:00,WR 98 CM 40
461,1235605054146609155,2020-03-05 16:36:15+00:00,WR 104 CM 40
462,1235598132270022657,2020-03-05 16:08:45+00:00,WR 99 CM 44
463,1235589030412197888,2020-03-05 15:32:35+00:00,WR 73 CM 24
464,1235558208070201347,2020-03-05 13:30:07+00:00,WR 51 CM 20
465,1235548727580012546,2020-03-05 12:52:26+00:00,WR 62 CM 21 üëü
466,1235542189230264322,2020-03-05 12:26:27+00:00,WR 52 CM 18‚òÄÔ∏è
467,1235534032391131136,2020-03-05 11:54:03+00:00,WR 43 CM 20
468,1235527997727420417,2020-03-05 11:30:04+00:00,WR 19 CM 9üåÑ
469,1235400367665487872,2020-03-05 03:02:54+00:00,WR 97 &amp; CM 29
470,1235392018316029952,2020-03-05 02:29:44+00:00,"WR 106, CM 35üèÉüèæ‚Äç‚ôÄÔ∏è"
471,1235384420774764544,2020-03-05 01:59:32+00:00,"WR 109, CM 37üí™üèø"
472,1235369967379333120,2020-03-05 01:02:06+00:00,WR 114 &amp; CM 34
473,1235363974675390465,2020-03-05 00:38:18+00:00,WR 103 CM 35
474,1235351875630911489,2020-03-04 23:50:13+00:00,WR 120 CM 30
475,1235341961835556864,2020-03-04 23:10:49+00:00,WR 142 CM 48
476,1235332599318482944,2020-03-04 22:33:37+00:00,WR 140 CM 53
477,1235323838877118464,2020-03-04 21:58:49+00:00,WR 139 CM 53
478,1235296880952856578,2020-03-04 20:11:41+00:00,WR 114 CM 40
479,1235285641157578755,2020-03-04 19:27:02+00:00,"WR 109 

CM 35 üí™üèº"
480,1235272434397433857,2020-03-04 18:34:33+00:00,WR 97 CM 33
481,1235263044898492416,2020-03-04 17:57:14+00:00,WR 115  CM 37
482,1235256063890518016,2020-03-04 17:29:30+00:00,WR 125 CM 42
483,1235249373405155328,2020-03-04 17:02:55+00:00,WR 110 CM 71
484,1235241616262041602,2020-03-04 16:32:05+00:00,WR 96 CM 49 üí™üèøüèÉüèæ‚Äç‚ôÄÔ∏è
485,1235227096525549568,2020-03-04 15:34:23+00:00,WR 64 CM 35 ‚òÄÔ∏è
486,1235210922337153024,2020-03-04 14:30:07+00:00,WR 78 CM 38
487,1235205038756294656,2020-03-04 14:06:44+00:00,WR 60 CM 46
488,1235191052652421120,2020-03-04 13:11:10+00:00,WR 63 CM 26
489,1235179530316402688,2020-03-04 12:25:23+00:00,WR 56 CM 20 üí™üèº
490,1235174142485450753,2020-03-04 12:03:58+00:00,WR 35 CM 16 üåÖ
491,1235166431882424320,2020-03-04 11:33:20+00:00,WR 21 CM 20
492,1235036151863545856,2020-03-04 02:55:39+00:00,WR 72 CM 22
493,1235024706299781120,2020-03-04 02:10:10+00:00,WR 92 CM 31
494,1235016440463478785,2020-03-04 01:37:19+00:00,WR 86 CM 31
495,1234985976230887424,2020-03-03 23:36:16+00:00,WR 113 &amp; CM 48
496,1234976912314789888,2020-03-03 23:00:15+00:00,WR 147 CM 47
497,1234969942094532609,2020-03-03 22:32:33+00:00,WR 140 CM 72
498,1234936994263904258,2020-03-03 20:21:38+00:00,Wr 102 cm 47
499,1234930539741753345,2020-03-03 19:55:59+00:00,Wr 101 cm 47
500,1234925883221254147,2020-03-03 19:37:29+00:00,Wr 86 cm 48
501,1234915864471834626,2020-03-03 18:57:40+00:00,Wr 115 cm 48
502,1234907960100474882,2020-03-03 18:26:15+00:00,Wr 102 cm 43
503,1234892968349306881,2020-03-03 17:26:41+00:00,Wr 96 cm 38
504,1234868713377140736,2020-03-03 15:50:18+00:00,WR 93 CM 33
505,1234863038605484032,2020-03-03 15:27:45+00:00,WR 92 CM 30
506,1234857772606459907,2020-03-03 15:06:50+00:00,WR 88 CM 31
507,1234851518714720258,2020-03-03 14:41:59+00:00,WR 80 CM 31 üèÉüèæ‚Äç‚ôÄÔ∏è
508,1234824431219945472,2020-03-03 12:54:20+00:00,WR 58 CM 24üåÖüíé
509,1234819627349430273,2020-03-03 12:35:15+00:00,WR 62 CM 18üå™üòé
510,1234810406683783169,2020-03-03 11:58:37+00:00,WR 55 CM 14üå´üå¨
511,1234804306756411394,2020-03-03 11:34:22+00:00,WR 35 CM 13üôÇüç≥
512,1234674420293066754,2020-03-03 02:58:15+00:00,WR 109 CM 49
513,1234665710632095744,2020-03-03 02:23:39+00:00,Wr 106 cm 46
514,1234658135329136642,2020-03-03 01:53:32+00:00,Wr 118 cm 47
515,1234650606259916800,2020-03-03 01:23:37+00:00,Wr 121 cm 51
516,1234642831584698374,2020-03-03 00:52:44+00:00,Wr 125 cm 54
517,1234638182622400519,2020-03-03 00:34:15+00:00,WR 131 CM 51
518,1234611827058921473,2020-03-02 22:49:32+00:00,WR 125 CM 56
519,1234600705685696513,2020-03-02 22:05:20+00:00,WR 119 CM 49
520,1234577361229819904,2020-03-02 20:32:34+00:00,WR 117 CM 48
521,1234570057633665024,2020-03-02 20:03:33+00:00,WR 130 CM 54
522,1234560652104077315,2020-03-02 19:26:11+00:00,WR 131 CM 50
523,1234547236345991168,2020-03-02 18:32:52+00:00,Wr: 118 CM: 40
524,1234538786752737280,2020-03-02 17:59:18+00:00,WR 100 CM 40 :)
525,1234531190880772098,2020-03-02 17:29:07+00:00,WR 91 CM 30
526,1234462217745117184,2020-03-02 12:55:02+00:00,WR 72 CM 23
527,1234455647032414208,2020-03-02 12:28:55+00:00,WR 75 CM 19 üç≥ü•ìüçµ
528,1234447520937467904,2020-03-02 11:56:38+00:00,WR 56 CM 19 ‚òÄÔ∏èüòÅüí™üèº
529,1234440446082002947,2020-03-02 11:28:31+00:00,Wr 43 CM 16
530,1234305147154706433,2020-03-02 02:30:54+00:00,WR 77 CM 27
531,1234297942477099009,2020-03-02 02:02:16+00:00,WR 85 CM 31
532,1234290480759873537,2020-03-02 01:32:37+00:00,WR 77 CM 28
533,1234282268908277760,2020-03-02 00:59:59+00:00,WR 53 &amp; CM 23
534,1234267227572113410,2020-03-02 00:00:13+00:00,WR 71&amp; CM 34
535,1234238326741389314,2020-03-01 22:05:22+00:00,WR 90 &amp; CM 25
536,1234228861757468684,2020-03-01 21:27:46+00:00,WR 84 &amp; CM 40
537,1234228464418480128,2020-03-01 21:26:11+00:00,WR 84 CM 40
538,1234221826831716356,2020-03-01 20:59:48+00:00,WR 67 CM 30
539,1234213733678878721,2020-03-01 20:27:39+00:00,WR 74 CM 34
540,1234191722718138368,2020-03-01 19:00:11+00:00,WR 67 CM 25
541,1234185478049542145,2020-03-01 18:35:22+00:00,WR 65 CM 24
542,1234161493245034496,2020-03-01 17:00:04+00:00,WR 40 CM 18 ü§∏üèΩ‚Äç‚ôÇÔ∏èüòé
543,1234154437612113921,2020-03-01 16:32:02+00:00,WR 42 CM 22
544,1234147972910284802,2020-03-01 16:06:20+00:00,WR 40 CM 26 üçí
545,1234139206202646530,2020-03-01 15:31:30+00:00,WR 38 CM 29 ü§∏üèΩ‚Äç‚ôÇÔ∏è
546,1234123713546801153,2020-03-01 14:29:56+00:00,WR 19 CM 15 üçìüçä
547,1233902871885815814,2020-02-29 23:52:24+00:00,Wr 70 cm 29
548,1233896637430407168,2020-02-29 23:27:37+00:00,Wr 79 cm 33
549,1233888103896682496,2020-02-29 22:53:43+00:00,Wr 108 cm 46
550,1233881279080341504,2020-02-29 22:26:35+00:00,Wr 118 cm 53
551,1233876987132948481,2020-02-29 22:09:32+00:00,WR 114 CM 53 üí™üèø
552,1233866511640678401,2020-02-29 21:27:55+00:00,Wr 110 cm 45
553,1233852048245956608,2020-02-29 20:30:26+00:00,WR 111 CM 38 üòé
554,1233846720993415174,2020-02-29 20:09:16+00:00,WR 103 CM 34üí™üèº
555,1233835836891967488,2020-02-29 19:26:01+00:00,WR 104 CM 58 üíé
556,1233832118276501504,2020-02-29 19:11:15+00:00,WR 93 CM 42 üèÄ
557,1233816848715612160,2020-02-29 18:10:34+00:00,WR 77 CM 32ü§∏üèΩ‚Äç‚ôÇÔ∏è
558,1233807309714939904,2020-02-29 17:32:40+00:00,WR 85 CM 35 üå®üëçüèºüòÅ
559,1233792824413433856,2020-02-29 16:35:06+00:00,WR 80 CM 49
560,1233787532879507456,2020-02-29 16:14:05+00:00,WR 76 CM 40
561,1233772884256002048,2020-02-29 15:15:52+00:00,WR 66 CM 44
562,1233758333682814977,2020-02-29 14:18:03+00:00,WR 33 CM 12
563,1233527089581744138,2020-02-28 22:59:10+00:00,WR 101 CM 47
564,1233519472092286978,2020-02-28 22:28:54+00:00,WR 110 CM 45
565,1233511427656355852,2020-02-28 21:56:56+00:00,WR 90 CM 27
566,1233505044512813057,2020-02-28 21:31:34+00:00,WR 97 CM 32
567,1233467053761351681,2020-02-28 19:00:36+00:00,WR 58 CM 20
568,1233459559538270209,2020-02-28 18:30:50+00:00,WR 76 CM 26
569,1233451723370516481,2020-02-28 17:59:41+00:00,WR 100 CM 41 ü•ë
570,1233444586867118081,2020-02-28 17:31:20+00:00,"WR 92, CM 46 üèÉüèæ‚Äç‚ôÄÔ∏è"
571,1233437490591256577,2020-02-28 17:03:08+00:00,WR 94 &amp; CM 32
572,1233429191745511425,2020-02-28 16:30:09+00:00,WR 87 &amp; CM 31
573,1233421679788949504,2020-02-28 16:00:18+00:00,WR 80 &amp; CM 38
574,1233414569625890818,2020-02-28 15:32:03+00:00,WEIGHT ROOM 70 CARDIO MEZZ. 35
575,1233406849489219590,2020-02-28 15:01:23+00:00,WR 69 CM 39
576,1233391753304125442,2020-02-28 14:01:23+00:00,Wr 42 CM 17 üòå
577,1233391529991049217,2020-02-28 14:00:30+00:00,WR 43 CM 31
578,1233384347383799808,2020-02-28 13:31:58+00:00,WR 46 &amp; CM 20
579,1233369903329087489,2020-02-28 12:34:34+00:00,WR 42 CM 17 üòÅ
580,1233354486451769344,2020-02-28 11:33:18+00:00,WR 23 CM 17
581,1233223868145426433,2020-02-28 02:54:17+00:00,WR 67 CM 24
582,1233211666067836931,2020-02-28 02:05:47+00:00,WR 83 CM 22
583,1233203418417725440,2020-02-28 01:33:01+00:00,WR 83 CM 26
584,1233197553082081280,2020-02-28 01:09:43+00:00,WR 94 CM 28
585,1233189847474614272,2020-02-28 00:39:05+00:00,WR 107 CM 34
586,1233179953111486464,2020-02-27 23:59:46+00:00,WR 111 CM 39
587,1233174063973093376,2020-02-27 23:36:22+00:00,WR 107 CM 36
588,1233165859885125633,2020-02-27 23:03:46+00:00,WR 104 CM 37 üòÅ
589,1233156980979662849,2020-02-27 22:28:29+00:00,WR 109 CM 39
590,1233150919979737089,2020-02-27 22:04:24+00:00,WR 122 CM 48
591,1233142375167537165,2020-02-27 21:30:27+00:00,WR 118 CM 45
592,1233096542116073474,2020-02-27 18:28:20+00:00,WR 102 CM 32
593,1233082903300538369,2020-02-27 17:34:08+00:00,WR 86 CM 53
594,1233036628383367170,2020-02-27 14:30:15+00:00,WR 66 CM 31
595,1233029077780639744,2020-02-27 14:00:15+00:00,WR 56 CM 31üëçüèº
596,1233022810689331201,2020-02-27 13:35:21+00:00,WR 55 CM 24
597,1233012369711915008,2020-02-27 12:53:51+00:00,WR 53 CM 16üå®üòé
598,1233005436183379971,2020-02-27 12:26:18+00:00,WR 58 CM 20ü•ê‚ùÑüåÑ
599,1232997314865848322,2020-02-27 11:54:02+00:00,WR 36 CM 22‚ùÑüòÄ
600,1232991774190243846,2020-02-27 11:32:01+00:00,WR 21 CM 12üå®üå®üåõ
601,1232859072631902208,2020-02-27 02:44:42+00:00,WR 59 CM 25‚ùÑüçì
602,1232844926829965312,2020-02-27 01:48:30+00:00,WR 62 CM 22
603,1232824177280868352,2020-02-27 00:26:03+00:00,WR 79 CM 18
604,1232808535572045825,2020-02-26 23:23:54+00:00,WR 81 CM 81 üçâ
605,1232795496370049027,2020-02-26 22:32:05+00:00,WR 86 CM 18
606,1232780760735768586,2020-02-26 21:33:31+00:00,"WR 107

CM 42 üéÑüéÉüéÑ"
607,1232769981772894209,2020-02-26 20:50:42+00:00,WR 112 CM 59
608,1232765835569246210,2020-02-26 20:34:13+00:00,WR 96 CM 35
609,1232756641080266752,2020-02-26 19:57:41+00:00,WR 103 CM 35
610,1232750405953736708,2020-02-26 19:32:54+00:00,WR 86 CM 29 ü•êüçûüå∞üéä
611,1232743567644381186,2020-02-26 19:05:44+00:00,WR 88 CM 24 ü•ùüçìüçû
612,1232736306687508481,2020-02-26 18:36:53+00:00,WR 100 CM 51 üçäüçíü•î
613,1232725991610605570,2020-02-26 17:55:53+00:00,WR 84 CM 58
614,1232719442322317312,2020-02-26 17:29:52+00:00,WR 86 CM 48
615,1232712783197802496,2020-02-26 17:03:24+00:00,WR 83 CM 28 üçìüçûü•úüå∞
616,1232697582893379585,2020-02-26 16:03:00+00:00,WR 74 CM 23 üçÑü•êüçíü•ê
617,1232688826025463810,2020-02-26 15:28:13+00:00,WR 96 CM 30 ü•ùüçìüçìüçâ
618,1232680929728040966,2020-02-26 14:56:50+00:00,WR 98 CM 24 üòóüôÑü•ëü•ù
619,1232675125650173952,2020-02-26 14:33:46+00:00,WR 100 CM 27 üòéüòéüòç
620,1232659315233902592,2020-02-26 13:30:57+00:00,WR 84 CM 22 üòçüòçüòÅ
621,1232651166951104512,2020-02-26 12:58:34+00:00,WR 81 CM 17 üòÅ
622,1232641229021642754,2020-02-26 12:19:05+00:00,WR 82 CM 17 üò≤ü§ì
623,1232636660082520064,2020-02-26 12:00:55+00:00,WR 47 CM 17 ‚ùÑüòÄ
624,1232628115819593728,2020-02-26 11:26:58+00:00,WR 33 CM 18
625,1232485844096671744,2020-02-26 02:01:38+00:00,"WR 103, CM 39 üèÖ"
626,1232478427833196545,2020-02-26 01:32:10+00:00,WR 115 CM 43
627,1232473058004176896,2020-02-26 01:10:49+00:00,WR 118 CM 49
628,1232464900644933633,2020-02-26 00:38:25+00:00,WR 110 CM 43
629,1232454666782269440,2020-02-25 23:57:45+00:00,WR 113 CM 48
630,1232439365902561280,2020-02-25 22:56:57+00:00,WR 116 CM 60
631,1232394308386467841,2020-02-25 19:57:54+00:00,WR 101 CM 51
632,1232380887901310976,2020-02-25 19:04:34+00:00,WR 93 CM 40üèÉüèº‚Äç‚ôÇÔ∏èüèÉüèæ‚Äç‚ôÄÔ∏è
633,1232367090138480641,2020-02-25 18:09:45+00:00,WR 99 CM 51üåªüòéüòã
634,1232359061888339970,2020-02-25 17:37:51+00:00,WR 102 CM 54
635,1232342056623837186,2020-02-25 16:30:16+00:00,WR 88 CM 49 üòéüòéüòé
636,1232320365260611585,2020-02-25 15:04:05+00:00,WR 70 CM 29 üèÉüèæ‚Äç‚ôÄÔ∏è
637,1232310539868626950,2020-02-25 14:25:02+00:00,Wr 73 cm 19
638,1232303793955647489,2020-02-25 13:58:14+00:00,Wr 66 cm 26
639,1232294316560863232,2020-02-25 13:20:34+00:00,Wr 49 cm 26
640,1232289258712506369,2020-02-25 13:00:28+00:00,WR 62 CM 25üå•üòé
641,1232282255088848903,2020-02-25 12:32:38+00:00,WR 82 CM 30üö¥üèº‚Äç‚ôÇÔ∏è‚öΩÔ∏è
642,1232266412313530370,2020-02-25 11:29:41+00:00,WR 38 CM 13üòÅü•ë
643,1232130300295159809,2020-02-25 02:28:50+00:00,WR 124 CM 38
644,1232122293201055744,2020-02-25 01:57:01+00:00,WR 118 CM 41
645,1232114586024914944,2020-02-25 01:26:23+00:00,WR 124 CM 36
646,1232106891658059781,2020-02-25 00:55:49+00:00,WR 114 CM 35
647,1232099860628877313,2020-02-25 00:27:52+00:00,WR 99 CM 30
648,1232092144434896896,2020-02-24 23:57:13+00:00,WR 108 CM 34
649,1232087417475280898,2020-02-24 23:38:26+00:00,WR 129 CM 43
650,1232078157915795457,2020-02-24 23:01:38+00:00,WR 142 CM 41
651,1232071507670683649,2020-02-24 22:35:12+00:00,WR 134 CM 38
652,1232061830723514371,2020-02-24 21:56:45+00:00,WR 144 CM 55
653,1232046088858804226,2020-02-24 20:54:12+00:00,WR 131 CM 46
654,1232042030643150854,2020-02-24 20:38:04+00:00,WR 121 CM 40
655,1232025143309934599,2020-02-24 19:30:58+00:00,WR 102 CM 38
656,1232017588827443205,2020-02-24 19:00:57+00:00,WR 109 CM 31 üèãüèæ‚Äç‚ôÄÔ∏èüö¥üèº‚Äç‚ôÇÔ∏èü•áüçû
657,1232009583687761920,2020-02-24 18:29:09+00:00,WR 113 CM 28 üòÅüòãü•û
658,1232004238210846720,2020-02-24 18:07:54+00:00,WR 103 CM 23 ü•áüèÉüèø‚Äç‚ôÇÔ∏èüòÅüèÜ
659,1231994325581664257,2020-02-24 17:28:31+00:00,WR 95 CM 16 üèãüèæ‚Äç‚ôÄÔ∏èüòÅüèÜ
660,1231985618131005440,2020-02-24 16:53:55+00:00,WR 86 CM 38
661,1231976057936502785,2020-02-24 16:15:55+00:00,WR 74 CM 31
662,1231966387893043200,2020-02-24 15:37:30+00:00,WR 75 CM 34
663,1231943559064018946,2020-02-24 14:06:47+00:00,WR 65 CM 30
664,1231924150354227201,2020-02-24 12:49:40+00:00,WR 75 CM 29 üçûüòé
665,1231917929152815105,2020-02-24 12:24:56+00:00,WR 65 CM 25
666,1231909192509935616,2020-02-24 11:50:13+00:00,WR 39 CM 19 üèãüèæ‚Äç‚ôÄÔ∏èüòÅ
667,1231901267708071936,2020-02-24 11:18:44+00:00,WR 20 CM 16 üèãüèæ‚Äç‚ôÄÔ∏è
668,1231755900832055297,2020-02-24 01:41:06+00:00,WR 45 CM 13
669,1231743903189151745,2020-02-24 00:53:25+00:00,WR 42 CM 11
670,1231738873803354112,2020-02-24 00:33:26+00:00,WR 52 CM 24
671,1231723884468228101,2020-02-23 23:33:53+00:00,WR 53 CM 33
672,1231714915615940608,2020-02-23 22:58:14+00:00,WR 79 CM 19
673,1231707529027244040,2020-02-23 22:28:53+00:00,WR 77 CM 18
674,1231699878415343616,2020-02-23 21:58:29+00:00,WR 53 CM 37
675,1231690983924027394,2020-02-23 21:23:08+00:00,WR 59 CM 12
676,1231680108731273219,2020-02-23 20:39:56+00:00,WR 46 CM 12
677,1231670360199892992,2020-02-23 20:01:11+00:00,WR 47 CM 18
678,1231663718703996930,2020-02-23 19:34:48+00:00,WR 56 CM 22
679,1231654235856654345,2020-02-23 18:57:07+00:00,WR 50 CM 19
680,1231647427658158080,2020-02-23 18:30:04+00:00,WR 55 CM 19
681,1231641778622783488,2020-02-23 18:07:37+00:00,WR 47 CM 22
682,1231632027725770757,2020-02-23 17:28:52+00:00,WR 51 CM 22 üèãüèæ‚Äç‚ôÄÔ∏èüèÉüèø‚Äç‚ôÇÔ∏è
683,1231623977694572544,2020-02-23 16:56:53+00:00,WR 57 CM 18
684,1231618642871234560,2020-02-23 16:35:41+00:00,WR 50 CM 20
685,1231601755546320899,2020-02-23 15:28:35+00:00,WR 45 CM 22
686,1231595483367444480,2020-02-23 15:03:39+00:00,WR 52 CM 17
687,1231585530271404033,2020-02-23 14:24:06+00:00,WR 20 CM 20
688,1231330905022697472,2020-02-22 21:32:19+00:00,WR 71 CM 24
689,1231325809035616257,2020-02-22 21:12:04+00:00,WR 47 CM 19
690,1231301698850783238,2020-02-22 19:36:16+00:00,WR 51 CM 18
691,1231271832986247170,2020-02-22 17:37:35+00:00,WR 50 CM 17 ü¶Ñü•ë
692,1231240502927921159,2020-02-22 15:33:05+00:00,WR 39 CM 13 üòé
693,1231230605381308416,2020-02-22 14:53:46+00:00,WR 19 CM 12
694,1230976295313575936,2020-02-21 22:03:13+00:00,WR 92 CM 34
695,1230964641163075584,2020-02-21 21:16:55+00:00,WR 78 CM 33
696,1230952061891751938,2020-02-21 20:26:56+00:00,WR 58 CM 26
697,1230948980898529280,2020-02-21 20:14:41+00:00,WR 52 CM 20
698,1230926951189295104,2020-02-21 18:47:09+00:00,WR 43 CM 16
699,1230893075234459651,2020-02-21 16:32:32+00:00,WR 47 CM 18
700,1230876672309764097,2020-02-21 15:27:21+00:00,WR 35 CM 14
701,1230855393548603392,2020-02-21 14:02:48+00:00,WR 24 CM 6
702,1230848110475255816,2020-02-21 13:33:52+00:00,WR 26 CM 10 üòé
703,1230839948569391105,2020-02-21 13:01:26+00:00,WR 26 CM 9 üèãüèæ‚Äç‚ôÄÔ∏èüèÉüèæ‚Äç‚ôÄÔ∏è
704,1230821211099271169,2020-02-21 11:46:58+00:00,WR 9 CM 9 üåÑüö¥üèº‚Äç‚ôÇÔ∏è
705,1230605688344367104,2020-02-20 21:30:34+00:00,WR 70 CM 32
706,1230589276414410753,2020-02-20 20:25:21+00:00,WR 47 CM 25
707,1230581978153541632,2020-02-20 19:56:21+00:00,WR 46 CM 17
708,1230569484919934976,2020-02-20 19:06:42+00:00,WR 48 CM 7
709,1230559057729052677,2020-02-20 18:25:16+00:00,WR 61 CM 26
710,1230553500884643840,2020-02-20 18:03:11+00:00,WR 56 CM 18
711,1230539583001186304,2020-02-20 17:07:53+00:00,WR 52 CM 14
712,1230533050410422272,2020-02-20 16:41:56+00:00,WR 52 CM 27
713,1230514727345885186,2020-02-20 15:29:07+00:00,WR 41 CM 20
714,1230510386941767681,2020-02-20 15:11:52+00:00,WR 16 CM 11
715,1230499741009612800,2020-02-20 14:29:34+00:00,WR 30 CM 10 üèÉüèæ‚Äç‚ôÄÔ∏èüèÉüèº‚Äç‚ôÇÔ∏è
716,1230491985036726272,2020-02-20 13:58:45+00:00,WR 23 CM 8
717,1230477347519893505,2020-02-20 13:00:35+00:00,WR 22 CM 2 üèÉüèæ‚Äç‚ôÄÔ∏è
718,1230469318552510464,2020-02-20 12:28:41+00:00,WR 20 CM 6 üèãüèæ‚Äç‚ôÄÔ∏èüèÉüèº‚Äç‚ôÇÔ∏è
719,1230462383606419456,2020-02-20 12:01:07+00:00,WR 19 CM 4 üòé
720,1230456481742495744,2020-02-20 11:37:40+00:00,WR 14 CM 5
721,1230258741376962566,2020-02-19 22:31:55+00:00,Wr 91 cm 27
722,1230250647167143936,2020-02-19 21:59:45+00:00,Wr 107 cm 38
723,1230241836410777601,2020-02-19 21:24:45+00:00,Wr 86 cm 35
724,1230233905623683072,2020-02-19 20:53:14+00:00,WR 79 CM 23
725,1230219190965080064,2020-02-19 19:54:46+00:00,Wr 62 cm 20
726,1230211747384102914,2020-02-19 19:25:11+00:00,Wr 61 cm 17
727,1230204632762388480,2020-02-19 18:56:55+00:00,WR 49 CM 17
728,1230196610782683136,2020-02-19 18:25:02+00:00,WR 53 CM 19
729,1230190435290828805,2020-02-19 18:00:30+00:00,WR 51 CM 22
730,1230182935095054337,2020-02-19 17:30:42+00:00,WR 49 CM 12
731,1230178090845900800,2020-02-19 17:11:27+00:00,WR 36 CM 10
732,1230167034455085056,2020-02-19 16:27:31+00:00,WR 34 CM 18
733,1230158561524801536,2020-02-19 15:53:50+00:00,WR 33 CM 12
734,1230143457865367557,2020-02-19 14:53:49+00:00,WR 28 CM 7
735,1230130367811792898,2020-02-19 14:01:49+00:00,WR 28 CM 16
736,1230106525382959106,2020-02-19 12:27:04+00:00,WR 11 CM 10
737,1229887253926830081,2020-02-18 21:55:46+00:00,WR 96 CM 30
738,1229883215869030401,2020-02-18 21:39:43+00:00,WR 84 CM 37
739,1229872133393854464,2020-02-18 20:55:41+00:00,WR 29 CM 12
740,1229865027907309568,2020-02-18 20:27:27+00:00,WR 50 CM 21
741,1229849439013081095,2020-02-18 19:25:30+00:00,WR 48 CM 25
742,1229843010579501056,2020-02-18 18:59:57+00:00,WR 48 CM 17
743,1229836287387013126,2020-02-18 18:33:14+00:00,WR 44 CM 13
744,1229820306228944898,2020-02-18 17:29:44+00:00,WR 35 CM 13
745,1229812113599795200,2020-02-18 16:57:11+00:00,WR 30 CM 15
746,1229805245724798982,2020-02-18 16:29:53+00:00,WR 25 CM 13
747,1229797254095134720,2020-02-18 15:58:08+00:00,WR 26 CM 11
748,1229789507073036288,2020-02-18 15:27:21+00:00,WR 24 CM 15
749,1229781541649309696,2020-02-18 14:55:42+00:00,WR 28 CM 16
750,1229774499433848836,2020-02-18 14:27:43+00:00,WR 25 CM 17
751,1229766247736336385,2020-02-18 13:54:56+00:00,WR 21 CM 9
752,1229759895727230981,2020-02-18 13:29:41+00:00,WR 19 CM 11
753,1229754194443329536,2020-02-18 13:07:02+00:00,WR 19 CM 5
754,1229745379572318209,2020-02-18 12:32:00+00:00,WR 13 CM 4
755,1229738249406550016,2020-02-18 12:03:40+00:00,WR 10 CM 7
756,1229729798827565057,2020-02-18 11:30:05+00:00,WR 6 CM 5
757,1229509473334636544,2020-02-17 20:54:36+00:00,WR 60 CM 18
758,1229504333408096260,2020-02-17 20:34:10+00:00,WR 59 CM 22
759,1229497121470058497,2020-02-17 20:05:31+00:00,WR 56 CM 14
760,1229487639650275333,2020-02-17 19:27:50+00:00,WR 52 CM 11
761,1229478394741612544,2020-02-17 18:51:06+00:00,WR 45 CM 18
762,1229463589481852928,2020-02-17 17:52:16+00:00,WR 39 CM 15
763,1229458472128962560,2020-02-17 17:31:56+00:00,WR 44 CM 12
764,1229448656752955392,2020-02-17 16:52:56+00:00,WR 37 CM 15
765,1229441983191625734,2020-02-17 16:26:25+00:00,WR 33 CM 21
766,1229161801415352320,2020-02-16 21:53:04+00:00,Wr 60 cm 24
767,1229149515028082693,2020-02-16 21:04:15+00:00,Wr 54 cm 22
768,1229141411439751168,2020-02-16 20:32:03+00:00,Wr 49 cm 18
769,1229134224223080449,2020-02-16 20:03:29+00:00,Wr 34 cm 15
770,1229125085505695744,2020-02-16 19:27:11+00:00,Wr 25 cm 15
771,1229116568258392066,2020-02-16 18:53:20+00:00,Wr 19 cm 14
772,1229103355060006912,2020-02-16 18:00:50+00:00,WR 29 CM 10
773,1229087690383134722,2020-02-16 16:58:35+00:00,WR 30 CM 10
774,1229080331145355266,2020-02-16 16:29:20+00:00,WR 26 CM 9
775,1229073301919686656,2020-02-16 16:01:24+00:00,WR 18 CM 12
776,1229065091565355013,2020-02-16 15:28:47+00:00,WR 21 CM 10
777,1229058511751057409,2020-02-16 15:02:38+00:00,WR 18 CM 9
778,1229050243813171202,2020-02-16 14:29:47+00:00,WR 11 CM 6
779,1228838198148784128,2020-02-16 00:27:11+00:00,Wr 26 cm 12
780,1228835581620314112,2020-02-16 00:16:47+00:00,Wr 37 cm 22
781,1228817198917046275,2020-02-15 23:03:45+00:00,WR 40 CM 16
782,1228793889470996481,2020-02-15 21:31:07+00:00,WR 47 CM 28
783,1228785989730127872,2020-02-15 20:59:44+00:00,Wr 48 cm 24
784,1228778315500150786,2020-02-15 20:29:14+00:00,Wr 50 cm 20
785,1228747349893222400,2020-02-15 18:26:11+00:00,Wr 52 cm 16
786,1228740784343658497,2020-02-15 18:00:06+00:00,Wr 48 cm 18
787,1228732531761188864,2020-02-15 17:27:18+00:00,Wr 33 cm 15
788,1228727215271137280,2020-02-15 17:06:11+00:00,WR 34 CM 16
789,1228717744457207808,2020-02-15 16:28:33+00:00,WR 35 CM 22
790,1228711546815176706,2020-02-15 16:03:55+00:00,WR 28 CM 18
791,1228464041145880578,2020-02-14 23:40:25+00:00,WR 68 CM 28
792,1228446943812182016,2020-02-14 22:32:29+00:00,Wr 31 cm 16
793,1228442120807165952,2020-02-14 22:13:19+00:00,Wr 35 cm 19
794,1228432907070472193,2020-02-14 21:36:42+00:00,Wr 48 cm 21
795,1228424471134048256,2020-02-14 21:03:11+00:00,WR 47 CM 16 üèãüèæ‚Äç‚ôÄÔ∏è
796,1228415232558686210,2020-02-14 20:26:28+00:00,WR 70 CM 21
797,1228409187245469696,2020-02-14 20:02:27+00:00,WR 68 CM 25
798,1228394953564413953,2020-02-14 19:05:54+00:00,WR 64 CM 22
799,1228377702203191296,2020-02-14 17:57:21+00:00,WR 74 CM 25
800,1228372244142923777,2020-02-14 17:35:39+00:00,WR 81 CM 27 :)
801,1228362436190838784,2020-02-14 16:56:41+00:00,82 WR üèãüèæ‚Äç‚ôÄÔ∏è 29 CM üèÉüèº‚Äç‚ôÇÔ∏è
802,1228348041209556993,2020-02-14 15:59:29+00:00,60 WR 27 CM
803,1228340129858818048,2020-02-14 15:28:03+00:00,52 WR 23 CM
804,1228332315073503232,2020-02-14 14:56:59+00:00,48 WR 26 CM
805,1228326256506265600,2020-02-14 14:32:55+00:00,48 WR 25 CM
806,1228309565793546240,2020-02-14 13:26:36+00:00,48 WR 18 CM
807,1228301060932018177,2020-02-14 12:52:48+00:00,WR 47 CM 13
808,1228295467097821188,2020-02-14 12:30:34+00:00,WR 38 CM 23
809,1228286584132427778,2020-02-14 11:55:16+00:00,WR 28 CM 16
810,1228282720813342720,2020-02-14 11:39:55+00:00,WR 27 CM 13
811,1228152941229596672,2020-02-14 03:04:13+00:00,WR 45 &amp; CM 20
812,1228138137408372736,2020-02-14 02:05:24+00:00,WR 62 &amp; CM 25
813,1228128725738381312,2020-02-14 01:28:00+00:00,WR 52 &amp; CM 25
814,1228097602970886144,2020-02-13 23:24:20+00:00,WR 96 CM 16
815,1228082632971505670,2020-02-13 22:24:51+00:00,WR 87 CM 16
816,1228053353286029312,2020-02-13 20:28:30+00:00,90 WR 35 CM üòé
817,1228045732508307464,2020-02-13 19:58:13+00:00,WR 84 CM 31
818,1228039159249620992,2020-02-13 19:32:06+00:00,WR 100 CM 30
819,1228031533103095812,2020-02-13 19:01:47+00:00,105 WR 28 CM
820,1228016574335942661,2020-02-13 18:02:21+00:00,WR 101 CM 26
821,1228008403013861376,2020-02-13 17:29:53+00:00,WR 90 CM 34
822,1227984302970937344,2020-02-13 15:54:07+00:00,WR 70 CM 29 üòé
823,1227977669612056578,2020-02-13 15:27:45+00:00,WR 64 CM 27 üèãüèæ‚Äç‚ôÄÔ∏è
824,1227970687639445505,2020-02-13 15:00:01+00:00,WR 68 CM 24
825,1227963358030237697,2020-02-13 14:30:53+00:00,WR 60 CM 17
826,1227954883724283904,2020-02-13 13:57:13+00:00,WR 45 CM 24
827,1227947915081023489,2020-02-13 13:29:31+00:00,WR 49 CM 26 ü•ûüçåüçûü•ë
828,1227938994283044866,2020-02-13 12:54:04+00:00,WR 42 CM 26üòéüö¥üèº‚Äç‚ôÇÔ∏è
829,1227933501409943552,2020-02-13 12:32:15+00:00,WR 43 CM 23üåÑü•û
830,1227928920437207041,2020-02-13 12:14:03+00:00,WR 40 CM 14
831,1227916458887385088,2020-02-13 11:24:32+00:00,WR 21 CM 11
832,1227782432004374528,2020-02-13 02:31:57+00:00,WR 74 CM 22
833,1227773916241895424,2020-02-13 01:58:07+00:00,WR 68 CM 28
834,1227766395003338752,2020-02-13 01:28:14+00:00,WR 67 CM 25
835,1227758917104685058,2020-02-13 00:58:31+00:00,WR 78 CM 26
836,1227729293133914112,2020-02-12 23:00:48+00:00,WR 96 CM 47
837,1227722204525268993,2020-02-12 22:32:38+00:00,WR 86 CM 53
838,1227705165999955969,2020-02-12 21:24:55+00:00,WR 87 CM 34üèÉüèº‚Äç‚ôÇÔ∏èüèÉüèæ‚Äç‚ôÄÔ∏è
839,1227689587373461504,2020-02-12 20:23:01+00:00,WR 111 CM 50 üèÉüèº‚Äç‚ôÇÔ∏èüèÉüèæ‚Äç‚ôÄÔ∏è
840,1227684552543481856,2020-02-12 20:03:01+00:00,WR 109 CM 44 üèãüèæ‚Äç‚ôÄÔ∏èüçåüéèüåÜ
841,1227676139151294465,2020-02-12 19:29:35+00:00,WR 104 CM 41
842,1227668168975450113,2020-02-12 18:57:55+00:00,WR 103 CM 41 üèÖüèÖüòéüòé
843,1227661727036297219,2020-02-12 18:32:19+00:00,WR 117 CM 41 ‚öΩÔ∏èüéÅüèÖ
844,1227655590748487680,2020-02-12 18:07:56+00:00,WR 112 CM 44 üéèü•áüèÜ
845,1227645246537945088,2020-02-12 17:26:49+00:00,WR 111 CM 40
846,1227638598054416384,2020-02-12 17:00:24+00:00,WR 86 CM 32 üêÜü¶ÑüêÖüèãüèΩ‚Äç‚ôÇÔ∏è
847,1227631182659117059,2020-02-12 16:30:56+00:00,WR 85 CM 28 ü•ûüßÄü•ñüòã
848,1227623494982283270,2020-02-12 16:00:24+00:00,WR 73 CM 31
849,1227616277654593537,2020-02-12 15:31:43+00:00,WR 72 CM 28 üòçü•ûü•ûüçû
